isbn,name,lname
9788901219455,라곰 :스웨덴식 행복의 비밀,개포
9788901220741,모든 것이 되는 법 :꿈이 너무 많은 당신을 위한 새로운 삶의 방식,개포
9788901225043,순간의 힘 :평범한 순간을 결정적 기회로 바꾸는 경험 설계의 기술,강남
9788901227399,속임수의 심리학 :눈에 보이는 것이 전부는 아니다!,강남
9788901230153,프리다 칼로,개포
9788920018046,이야기 세계종교 :당신은 그들의 종교를 얼마나 이해하는가,개포
9788925559445,(하유 아빠의) 아이주도 이유식 :이유식 전쟁에 지친 엄마들을 위한 BLW 이유식 비법,개포
9788925560892,하루 10분 뇌 태교동화 :뇌 태교 전문의 김성수 원장의 임신주수별 맞춤 태교,개포
9788925566740,돈의 진리,개포
9788925566740,돈의 진리,강남
9788927761457,영어 콜로케이션 사전 :최적의 의미단위 영어학습법,강남
9788932114422,(프란치스코 교황과 더불어 알아야 할) 우리 시대의 일곱 교황,개포
9788932317595,관능미술사 :누드로 엿보는 명화의 비밀,강남
9788932318790,늙어감의 기술 :과학이 알려주는 나이 드는 것의 비밀,개포
9788932319865,(스티븐 프라이의) 그리스 신화,개포
9788932374031,명왕성이 뿔났다,강남
9788932440026,의지와 표상으로서의 세계,강남
9788932473925,(오늘도 잠 못 이루는 당신을 위한) 수면의 과학,개포
9788932813790,강자와 약자 :강자의 불안과 약자의 절망을 넘어서,개포
9788932919201,"나는 뇌가 아니다 :칸트, 다윈, 프로이트, 신경과학을 횡단하는 21세기를 위한 정신 철학",개포
9788932919256,어느 독일인의 삶 :괴벨스 비서의 이야기는 오늘의 우리에게 무엇을 말해 주고 있는가,강남
9788934995302,이런 모습 처음이야! 의외로 유쾌한 생물도감,강남
9788934995548,불교가 필요하다,강남
9788935211609,1시간에 1권 퀀텀 독서법 :하루 30분 3주면 된다!,강남
9788936473488,나는 워킹맘 입니다 :일하는 엄마를 위한 행복한 육아 이야기,개포
9788936477158,다산에게 배운다,개포
9788937432293,공부할 권리 :품위 있는 삶을 위한 인문학 선언,개포
9788937432293,공부할 권리 :품위 있는 삶을 위한 인문학 선언,강남
9788937434846,늘 괜찮다 말하는 당신에게,강남
9788937888984,"옵션 B :역경에 맞서고, 회복탄력성을 키우며, 삶의 기쁨을 찾는 법",개포
9788937888984,"옵션 B :역경에 맞서고, 회복탄력성을 키우며, 삶의 기쁨을 찾는 법",강남
9788939207288,세계신화여행 :아직 끝나지 않은 이야기,개포
9788940636039,(중·장년층을 위한) 스마트폰 쉽게 배우기,강남
9788943306014,열두 띠 이야기,강남
9788946420267,그림책에게 배웠어 :현명한 엄마를 위한 그림책 수업,개포
9788946420724,홀가분하게 산다,개포
9788947540766,철학 읽는 힘 :지적 교양을 위한 철학 안내서,개포
9788947543170,(2018 빅데이터가 알려주는) 부동산 핫플레이스,개포
9788947543323,뒤통수의 심리학 :속이는 자와 속지 않으려는 자의 심리 게임,강남
9788949102504,천하무적 용기맨,개포
9788952234292,"(어느 수학자가 본) 기이한 세상 :큰스님, 왜 이러십니까? 환망공상의 수상록",개포
9788952235985,일본 우익 설계자들 :아베安倍를 등뒤에서 조종하는 극우조직 '일본회의'의 실체,개포
9788952776839,프랑스 미술관 산책 :인상주의 화가들을 따라 나서는 여행,강남
9788952778437,스스로 마음을 지키는 아이 :믿는 만큼 성장하는 아이를 위한 심리 육아,개포
9788952784872,(우리가 사는) 한옥,개포
9788952791108,세계여행 플랜북 :한 권으로 완성하는 나만의 세계여행,개포
9788952791153,엄마표 다개국어 :어떤 언어든 다 통하는 외국어 교육 로드맵,개포
9788953128286,(팀 켈러의) 내가 만든 신 :하나님의 자리를 훔치다,개포
9788953132498,기적인가 우연인가 :하나님의 초자연적 개입을 파헤치다,강남
9788953932180,(The) Little mermaid,개포
9788954437202,돌아오는 길은 언제나 따뜻하겠지 :비우고 채우는 프랑스 르 퓌 길 800km 걷기 여행,강남
9788954437202,돌아오는 길은 언제나 따뜻하겠지 :비우고 채우는 프랑스 르 퓌 길 800km 걷기 여행,개포
9788954640367,내 몸속의 우주 :질병부터 성격까지 좌우하는 미생물의 힘,강남
9788954646208,"의학의 법칙들 :생명의 최전선, 가장 인간적인 과학의 현장에서",강남
9788955185720,김대균 영문법 :전국민 영문법 총정리 프로젝트!,개포
9788955617771,화성의 인류학자 :뇌신경과 의사가 만난 일곱명의 기묘한 환자들,개포
9788955619690,생명의 설계도 게놈 편집의 세계 :게놈 편집은 우리와 생명의 미래를 어떻게 바꿀 것인가,강남
9788956058030,"주기율표로 세상을 읽다 :우주, 지구, 인체를 이해하는 또 하나의 방법",강남
9788956609775,수학의 수학 :옥스퍼드대 김민형 교수의 세상에서 가장 아름다운 수학 강의,강남
9788956993218,슈퍼유전자 :스스로를 진화시킨 선택과 경험의 기록,개포
9788958203919,길 위의 수학자 :보통 사람들에게 수학을! 복잡한 세상을 푸는 수학적 사고법,개포
9788958203919,길 위의 수학자 :보통 사람들에게 수학을! 복잡한 세상을 푸는 수학적 사고법,강남
9788958204725,"사회, 법정에 서다 :허승 판사의 공부가 되는 법과 재판 이야기",개포
9788958205135,"수학과 그림 사이 :수의 역사부터 함수까지, 그림이 들려주는 수학 이야기",강남
9788958205173,엄마의 공책 :치매환자와 가족을 위한 기억의 레시피,개포
9788958205364,(세상에서 가장 재미있는) 미국사 :만화로 배우는 미국의 모든 것!,강남
9788959895328,(공병호의) 무기가 되는 독서,강남
9788960495968,미국 보통 사람들의 지금 영어 :영어를 글로 배운 사람들을 위한 영어회화 특급 처방,개포
9788960496521,(조금은 특별한) 미국 보통 사람들의 영어 :영어를 글로 배운 사람들을 위한 영어회화 초특급 처방,개포
9788960516038,직업의 종말 :불확실성의 시대 일의 미래를 준비하라,개포
9788960516243,한번은 한문 공부 :문법이 잡히면 고전이 보인다,개포
9788960532533,토지 :박경리 대하소설,개포
9788960533868,(세계에서 가장 행복한) 덴마크 사람들 :그들과 함께 살아본 일 년,개포
9788960778078,처음 만나는 금융공학 :금융으로 세상을 읽는 통찰력 키우기,강남
9788960862890,어른의 것 :불안한 세상에서 나를 지켜내는 힘,강남
9788960863361,단어가 인격이다 :당신의 품격을 좌우하는 단어 활용 기술,강남
9788960974524,기대 :결코 놓칠 수 없는 간절한 바람,강남
9788962451436,(세상에서 가장 쉬운) 상대성이론 :아빠가 들려주는 상대성이론 이야기,개포
9788962463064,한자 속의 중국 신화와 역사 이야기 :한자는 어떻게 만들어졌고 어떻게 발전하였는가? 한자를 만들게 된 동력은 무엇이었는가?,강남
9788962621150,세상물정의 물리학 :복잡한 세상을 꿰뚫어 보는 통계물리학의 아름다움,강남
9788962621488,(철학하는 과학자) 김상욱의 과학공부 :시를 품은 물리학,강남
9788962622560,우리 몸이 세계라면 :분투하고 경합하며 전복되는 우리 몸을 둘러싼 지식의 사회사,강남
9788962631470,(생각하는 삶을 위한) 철학의 역사,개포
9788963191614,(분노하기 전에 알아야 할) 쟁점 한일사,개포
9788964943144,야구 룰 교과서 :도해와 사례로 보는 야구 규칙 완벽 가이드,개포
9788965135210,너무 재밌어서 잠 못 드는 미술 이야기 :the story of art,개포
9788965704065,"아무도 너를 묶지 않았다 :마음이 묶이면, 인생도 묶인다",강남
9788965707080,"아임 낫 파인 :괜찮다고 말하지만, 괜찮지 않은 너에게",강남
9788965962373,우리는 어떻게 화학물질에 중독되는가 :의식주와 일상을 뒤덮은 독성물질의 모든 것,개포
9788967353117,역사를 만든 백가지 레시피 :고대 이집트 빵에서 최신 메뉴 고기과일까지,개포
9788967442002,(치과의사도 모르는) 진짜 치과 이야기 :충치에서 임플란트까지,강남
9788967940881,"쫄보의 여행 :나 홀로 249일, 유쾌한 18개국 62개 도시 정복기",개포
9788967941017,사라질 것 같은 세계의 말 :세상을 가득 채우고 있는 소수언어에 대하여,개포
9788968482977,(좋은 사진을 만드는 김주원의) 어도비 포토샵 라이트룸 CC 사진강의 :사진 리터칭의 모든 것,강남
9788968483448,(만들면서 배우는) 워드프레스 :초보자도 따라 하는 웹사이트 제작 완벽 가이드,강남
9788969150547,다시 읽은 고전,강남
9788970129990,도시의 세계사,강남
9788970417233,디터 람스 :디자이너들의 디자이너,개포
9788970656915,율곡의 상소,강남
9788970656915,율곡의 상소,개포
9788971866580,(알기쉬운) 관광여행 영어 회화,강남
9788972759881,디어 에번 핸슨,개포
9788972916895,아담과 이브의 모든 것,강남
9788973434978,합격비법 100문 100답 :각종 자격증과 모든 시험 100% 합격한다!,강남
9788974793838,(전현수 박사의) 불교정신치료 강의,개포
9788974837389,"안중근 재판정 참관기 :100년 전, 안중근 의사와 일본인 재판관이 벌인 재판정 격돌, 현장 생중계!",강남
9788974837945,"화가의 마지막 그림 :삶의 마지막 순간, 손끝에서 피어난 한 점의 그림",개포
9788983718792,돈의 원리 :인포그래픽 경제 팩트 가이드,개포
9788984059269,행복하게 늙고 싶다 아프지 않게 :노화와 통증에서 벗어나 건강하게 나이 드는 법,강남
9788984059467,인간의 본능 :우리는 어떻게 자유의지를 갖도록 진화했는가,개포
9788984059627,식물 예찬,개포
9788984076846,페미니즘을 팝니다 :우리가 페미니즘이라고 믿었던 것들의 배신,강남
9788984076877,지식의 착각 :왜 우리는 스스로 똑똑하다고 생각하는가,개포
9788984076877,지식의 착각 :왜 우리는 스스로 똑똑하다고 생각하는가,강남
9788984079038,(인성과 생각머리를 키워 주는) 인문학 생각사전 =Humanities thinking dictionary,개포
9788984457287,위대한 영화감독들 A to Z,개포
9788984926189,현대 제트기 :1960-현재 제5세대 전투기 =Modern jets : 1960-present,강남
9788987390154,낭독 독서법 :잠들어 있던 당신의 거대한 영혼을 깨우는 기적의 독서법,개포
9788992711814,"세상을 바꾼 미디어 :미디어, 세상과 소통하며 의외의 변신을 꾀하다",강남
9788993212792,내 입속에 사는 미생물 :치과의사가 알려주는 구강건강과 세균 이야기,개포
9788993212792,내 입속에 사는 미생물 :치과의사가 알려주는 구강건강과 세균 이야기,강남
9788993635874,가짜 자존감 권하는 사회 :우리 모두의 진짜 자존감을 찾는 심리학 공부,강남
9788993635881,미생물군 유전체는 내 몸을 어떻게 바꾸는가 :내 몸에 대해 더 잘 알 수 있게 돕는 미생물 세상 안내서,강남
9788993746280,(어린이를 위한) 고릴라는 핸드폰을 미워해,개포
9788994081861,나는 성인이 되어 다시 피아노를 치기 시작했다 :성인 피아노 학습자를 위한 맞춤형 안내서,개포
9788994491790,투자의 가치 :가치투자의 명가에서 내공을 키운 17년 차 베테랑 투자자의 핵심 노하우,강남
9788994655659,처음 만나는 스페인 이야기 37 :천의 얼굴을 가진 이베리아반도의 뜨거운 심장,강남
9788994747606,나는 금리로 경제를 읽는다 :경제 흐름을 꿰뚫어 보는 가장 쉬운 방법,개포
9788997201389,생각하는 기계 :AI의 미래,개포
9788997379767,"로봇 시대, 인간의 일 :인공지능 시대를 살아가야 할 이들을 위한 안내서",강남
9788998243043,"뭐든지, 호르몬! :기분, 몸매, 성격, 건강에서 키와 성적, 기억력까지, 내 인생은 호르몬이 좌우한다",강남
9788998465698,예절이 필요해! :3-7세 아이들을 위한 생활 습관 사전,개포
9788998602604,인공지능 시대가 두려운 사람들에게 :미래에 우리는 어떻게 살고 사랑하고 생각할 것인가,개포
9788998937904,"요시다 쇼인(吉田松陰) 시대를 반역하다 :일본 근현대 정신의 뿌리, 요시다 쇼인과 쇼카손주쿠의 학생들",개포
9788999713231,의식의 변용 :의식의 발달에 관한 전통적·명상적 시각,개포
9791130607160,여행자의 인문학 :21명의 예술가와 함께 떠나는 유럽 여행,강남
9791130611068,정약용의 여인들 :최문희 장편소설,개포
9791130614687,"인플레이션 :부의 탄생, 부의 현재, 부의 미래",개포
9791155360712,매일 입고 싶은 천연소재 옷,개포
9791155361238,나는 오늘 책상을 정리하기로 했다 :일이 편해지고 시간도 버는 88가지 정리 아이디어,강남
9791155426531,천년 그림 속 의학 이야기 :고대의 주술사부터 미래의 인공지능까지,개포
9791155428351,(신병주 교수의) 조선산책 :민초의 삶부터 왕실의 암투까지,개포
9791155428351,(신병주 교수의) 조선산책 :민초의 삶부터 왕실의 암투까지,강남
9791156025788,스마트폰 100배 활용하기 :제4차 산업혁명은 귀하의 손에서부터,개포
9791156330554,(세상을 바꾼) 미술 :아름다움은 인간을 어떻게 변화시키는가,강남
9791156331933,수상한 인공지능 :AI는 세상을 어떻게 바꿀까?,강남
9791156757009,위대하고 위험한 약 이야기 :질병과 맞서 싸워온 인류의 열망과 과학,강남
9791157031825,가장 쉬운 독학 일본어 첫걸음,강남
9791157061396,강한 이스라엘 군대의 비밀 :예루살렘·카이로 특파원의 500일 특별보고서,개포
9791157528325,Enjoy 여행 프랑스어 :프랑스 여행 처음 갈 때 이 책!,개포
9791157528615,버리니 참 좋다 :적게 소유하는 삶을 선택한 오후미 부부의 미니멀리스트 일기,개포
9791157842971,"불렛저널 :과거를 기록하고, 현재를 정리하며, 미래를 계획하라",개포
9791158150297,오늘부터 딱 90일만 영어 베이비 :미국 아기처럼 영어를 습득하는 <따라 말하기>의 기적,개포
9791158160258,우리는 어째서 이토록 :사랑에 관한 거의 모든 고민에 답하다,개포
9791158460808,"약보다 울금 한스푼 :당뇨, 암, 고혈압, 비만, 소화불량까지 만병이 낫는 비책",강남
9791158461416,숫자 없이 모든 문제가 풀리는 수학책 :복잡한 세상을 심플하게 꿰뚫어보는 수학적 사고의 힘,개포
9791158462574,사각사각 드로잉 :일러스트레이터 메그의 마카 드로잉 클래스,개포
9791158511227,"내 인생, 방치하지 않습니다 :평생 8가지 불안장애에 시달렸던 한 여성의 20년에 걸친 심리 보고서",강남
9791158710644,내가 사랑한 물리학 이야기 :물리학자가 보는 일상의 과학 원리,개포
9791158790943,죽음을 선택한 남자 :데이비드 발다치 장편소설,강남
9791158930257,"휴식을 위한 지식 :그림, 우아한 취미가 되다",개포
9791159160783,법정스님의 뒷모습 :뒷모습이 참모습이다,개포
9791159254079,동학에서 미래를 배운다,개포
9791160401479,외교외전 :보통사람이 궁금한 외교 그리고 외교관의 모든 것,개포
9791160505306,윈도우 10 무작정 따라하기,강남
9791160508048,취준생 일기,개포
9791160572629,세계 신화 아틀라스 :지도를 보면서 알아보는 세계의 열두 가지 놀라운 신화,개포
9791161310466,(1도 몰라도 무조건 떠나는) 여행 중국어,개포
9791161651972,"영어, 이제는 잘할 때도 됐다 :왜 아직 영어로 말 한마디 제대로 못할까?",개포
9791161690483,(예의 없는 새끼들 때문에 열받아서 쓴) 생활 예절,개포
9791161720869,평등한 나라,강남
9791161720883,이상해? 다양해!,강남
9791161751641,메이저리그 야구 통계학 :빅데이터 분석의 시작 R,강남
9791161752358,모바일 UX 디자인 :기획부터 프로토타이핑까지 디자이너의 능력을 확장시키는 방법,강남
9791162750728,일본인의 눈물,강남
9791163430025,"행동 뒤에 숨은 심리학 :카오스부터 행동경제학까지, '고품격 심리학!'",강남
9791170260936,(청소년을 위한 주제로 보는) 조선왕조실록 :실록 기사로 조선을 만나다,개포
9791185035345,역사 전쟁 :권력은 왜 역사를 장악하려 하는가?,개포
9791185134314,영국에 영어는 없었다 :영어와 프랑스어의 언어 전쟁,개포
9791185428222,(미니멀리스트) 붓다의 정리법,강남
9791185435664,"생명 설계도, 게놈 :23장에 담긴 인간의 자서전",강남
9791185541389,부모공부 :'모든 부모'를 위한 종합 교양서,강남
9791185541884,(우리 아이) 부자습관 :우리 아이 '경제지능' 종합 교육서,개포
9791185651965,두부예찬 :두부조림만 먹는 당신을 위하여,개포
9791185926476,(티소믈리에를 위한) 홍차 속의 인문학 :영국식 홍차의 르네상스,개포
9791185952291,여자에게 여행이 필요할 때 :진정한 나를 찾아가는 아주 특별한 여행의 기술,강남
9791185992853,교사가 실천한 영어학습법 :with 애로우 잉글리시,개포
9791186075593,(수준 높은 책읽기 논리적인 글쓰기 교양 있는 말하기를 위한) 초등 표현력 사전,강남
9791186117798,하루 5분 탈무드 태교 동화 :지혜를 나누는 엄마 아빠·마음이 자라는 아이,개포
9791186137727,세상 편한 유아식판식 :셰프아빠와 닥터아빠가 알려주는 우리아이 맞춤형 유아식,강남
9791186274088,살아있는 것들의 눈빛은 아름답다 :수의사 아빠가 딸에게 들려주는 함께 살아가는 동물 이야기,강남
9791186293980,컨버전스 :현대 과학사에서 일어난 가장 위대한 지적 전환,강남
9791186360996,하나님의 편지 :하나님의 말씀을 글과 그림으로 전하는 햇살콩 묵상집,개포
9791186361504,잘 죽는다는 것 :누구나 바라지만 쉽게 얻어지지 않는 삶의 기술,개포
9791186440216,인생은 간결하게 :1인 다역에 지친 현대인을 위한 미니멀리즘 안내서,개포
9791186494073,명화 보기 좋은 날 :내 가방 속 아주 특별한 미술관,강남
9791186517840,전국일주 가이드북 :대한민국 전국일주 여행 백과사전!,강남
9791186517888,"수능대신 세계일주 :대한민국 미친 고3, 702일간 세계를 떠돌다",개포
9791186517949,쓸 만한 인간 :박정민 산문집,강남
9791186560464,영어는 3단어로 :내일 당장 대화가 되는 초간단 영어법,개포
9791186561614,서점의 일,개포
9791186650370,"10대, 나의 발견 :내 삶의 주인이 되기 위해 지금 던져야 할 6가지 질문",개포
9791186688519,나는 왜 무기력을 되풀이하는가 :에리히 프롬 진짜 삶을 말하다,강남
9791186697757,깔끔한 파이썬 탄탄한 백엔드 :지금까지 없었던 백엔드 개발자를 위한 파이썬,개포
9791186805497,세계미래보고서 2055 :state of the future,개포
9791186805732,나는 왜 작은 일에도 상처받을까 :관계에 서툴고 쉽게 상처받는 사람들을 위한 심리 처방,강남
9791186805831,지성만이 무기다 :읽기에서 시작하는 어른들의 공부법,개포
9791186805886,나는 돈이 없어도 사업을 한다 :스펙도 나이도 필요없는 주말 48시간의 기적,개포
9791186900055,이공계의 뇌로 산다 :세상을 깊이 있고 유용하게 살아가기 위한 과학적 사고의 힘,개포
9791186900291,(재밌어서 밤새 읽는) 원소 이야기,강남
9791186900369,음식해부도감 :전 세계 미식탐험에서 발견한 음식에 대한 거의 모든 지식,강남
9791186900444,비커 군과 실험실 친구들 :실험기구들의 신나는 요절복통 과학수업,강남
9791186900628,물리학자의 은밀한 밤 생활 :한 젊은 과학자의 밤 생활에 숨겨진 아슬아슬 유쾌한 물리학 파티,개포
9791186900642,비커 군과 친구들의 유쾌한 화학실험 :실험실에서 벌어지는 엉뚱발랄 화학실험 대소동,개포
9791187050551,호통판사 천종호의 변명,개포
9791187150121,(별걸 다 재는) 단위 이야기,개포
9791187150220,진짜 기본 살림법 :집안일에 속도와 재미가 붙는 생활밀착형 살림교본,개포
9791187192268,(김진명의) 한국사 X파일,강남
9791187295105,물리와 철학 :근대과학의 혁명,강남
9791187336976,"범죄 과학, 그날의 진실을 밝혀라 :셜록보다 똑똑하고 CSI보다 짜릿한 과학수사 이야기",개포
9791187370949,(Do it!) 쉽게 배우는 R 데이터 분석 =Do it! R for data analysis,개포
9791187440192,"(박 회계사의) 재무제표로 보는 업종별 투자전략 :통신 산업부터 지주회사까지, 투자자를 위한 10개 업종 재무제표 분석법",개포
9791187525264,그건 혐오예요 :상처를 덜 주고받기 위해 해야하는 말,개포
9791187749578,(4차 산업혁명 시대 미래형 인재를 만드는) 최고의 교육,강남
9791187749844,Zoom 거의 모든 것의 속도,강남
9791187980087,"기원의 탐구 :빅뱅, 지구 그리고 인간 138억 년의 빅히스토리",개포
9791187980384,입자 동물원 :우주를 구성하는 아름답고 흥미로운 입자들의 세계,개포
9791187980810,"(교양인을 위한) 화학사 강의 :연금술부터 독가스, DNA 복제까지 세상을 바꾼 화학의 역사",강남
9791187980964,걱정을 해서 걱정이 없어지면 걱정이 없겠네 :시도 때도 없이 불안에 시달리는 당신을 위한 마음 정리법,개포
9791188062041,(편안한 리넨의) 핸드메이드 여성복,개포
9791188062119,(쉽고 편안한) 여성복만들기,개포
9791188073047,(마구로센세의) 일본어 메뉴판 마스터 :일본 맛집 제대로 먹고 오는 능력치 키우기,개포
9791188260164,(New) 재미있는 물리여행 :생각의 오류를 깨뜨리는 328가지 물리 질문,강남
9791188279333,실전 퀀트투자 :수익률을 확인하고 투자하라!,개포
9791188331369,그림에 끌리다 :나를 위한 특별한 명화 감상,개포
9791188509065,미생물과의 공존 :내 안의 우주,강남
9791188613069,용수 스님의 곰 :나를 일깨우는 친절한 명상,개포
9791188635078,"소수는 어떻게 사람을 매혹하는가? :원자핵에서 우주까지, 세상을 움직이는 숫자",개포
9791188674152,슬기로운 언어생활 :말 많은 세상에서 말 너머를 보는 법,개포
9791189344351,나는 오늘부터 경제기사를 읽기로 했다 :경제기사가 이렇게 쓸모 있을 줄이야,개포
9791189584160,자제력 수업 :실패의 유혹을 물리치는 힘,개포
9791195444809,(100개 키워드로 읽는) 라틴어 이야기,개포
9791195554904,우주 레시피 :지구인을 위한 달콤한 우주 특강,개포
9791195588602,42가지 마음의 색깔,강남
9791195799107,(입을 때마다 행복한) 핸드메이드 여성복 :making & styling book,개포
9791195877492,중국어 번역가로 산다는 것 :설레는 중국어 시나리오 번역,개포
9791195993772,당신의 마음을 정리해 드립니다 :가키야 미우 장편소설,강남
9791196090425,상처 주지 않는 대화 :갈등을 해결하고 관계를 회복하는 비폭력대화의 기술,개포
9791196155636,"크리스퍼가 온다 :진화를 지배하는 놀라운 힘, 크리스퍼 유전자가위",강남
9791196236212,"내 몸 습관 :우리 가족 아프지 않게, 홈 통증 백과",강남
9791196283155,과학자가 되는 방법 :매드 사이언티스트가 알려 주는 과학자 서바이벌 가이드,강남
9791196395704,친절한 SQL 튜닝 :개발자를 위한 SQL 튜닝 입문서,강남
